id,support,accuracy
17853,1606,0.953300124533001
17867,1067,0.91377694470478
17864,796,0.880653266331658
