metric,estimate
accuracy,0.924473911790141
macro_f1,0.919852537091475
weighted_f1,0.924362954414423
