class,support,precision,recall,f1
not_grazing,2117,0.930873423633816,0.941426547000472,0.936120244246125
grazing,1352,0.906626506024096,0.890532544378698,0.898507462686567
