class,support,recall
not_grazing,2141,0.943484353106025
grazing,1328,0.893825301204819
